,index,CO_CATEGORIA_ADMINISTRATIVA,CO_ORGANIZACAO_ACADEMICA,CO_TURNO_ALUNO,CO_GRAU_ACADEMICO,CO_MODALIDADE_ENSINO,CO_COR_RACA_ALUNO,NU_ANO_ALUNO_NASC,NU_MES_ALUNO_NASC,NU_DIA_ALUNO_NASC,CO_UF_NASCIMENTO,DT_INGRESSO_CURSO,IN_FINANC_ESTUDANTIL,IN_ING_CONVENIO_PECG,IN_SEXO_ALUNO,IN_MOBILIDADE_ACADEMICA,NO_OCDE_AREA_GERAL
352,caf5da1c9da2a9152f986e12746d452aa7a78107,5.0,1.0,1.0,3.0,1.0,0.0,1997,6,24,42.0,2016-01-07,0.0,0.0,0.0,0.0,Serviços
417,c90230593f374a00e58509635329faaea9866b70,1.0,4.0,1.0,3.0,1.0,2.0,1992,5,20,35.0,2016-01-01,,,1.0,0.0,Serviços
648,9d40c3ceaead3b51b66a55b890d0f996ffb6bd58,1.0,4.0,1.0,3.0,1.0,1.0,1991,12,16,42.0,2014-01-01,,,1.0,0.0,Serviços
791,2a819789d41e253a38d71bb490aca9b0f2f1e166,1.0,4.0,1.0,3.0,1.0,1.0,1976,4,5,33.0,2016-01-01,,,0.0,0.0,Serviços
838,b9cf3ce4c364c77b94a0d7cd43e25ab14d66d75e,1.0,4.0,1.0,3.0,1.0,1.0,1995,9,10,35.0,2014-01-01,,,1.0,0.0,Serviços
1028,b0b1767edec0cdfed38f3e6bbf0cc3ec08cdd096,1.0,4.0,1.0,3.0,1.0,1.0,1996,9,25,42.0,2014-01-07,,,1.0,0.0,Serviços
1168,6b883df80d6f42ab15f4af1c258d8a69df9ad3b1,5.0,1.0,3.0,3.0,1.0,1.0,1996,8,16,42.0,2016-01-01,0.0,0.0,0.0,0.0,Serviços
1399,3ba92acb1fe26790451dd5337924e7da61f7208d,5.0,2.0,1.0,3.0,1.0,1.0,1997,2,7,42.0,2016-01-07,0.0,0.0,1.0,0.0,Serviços
1604,0f6b9ca91aa14f8cb60feef6674b02e3539e63cc,1.0,4.0,1.0,3.0,1.0,1.0,1968,4,3,42.0,2016-01-07,,,0.0,0.0,Serviços
1618,d276330c6d8e9e05fbd186eda25b527224a91c51,5.0,3.0,3.0,3.0,1.0,1.0,1968,10,12,42.0,2010-01-01,0.0,,0.0,0.0,Serviços
1800,e454a1a89d954f08632be4c2af40db100a89b829,1.0,4.0,1.0,3.0,1.0,3.0,1995,2,27,42.0,2016-01-07,,,1.0,0.0,Serviços
1835,6ba5274d2267976edd412722a6cea19af9185b34,1.0,4.0,1.0,3.0,1.0,1.0,1983,7,6,42.0,2015-01-01,,,1.0,0.0,Serviços
1837,49bff8c60de6cb4bc548baa06038b19503b70485,1.0,4.0,1.0,3.0,1.0,1.0,1994,3,8,42.0,2013-01-01,,,0.0,0.0,Serviços
1936,a523a883c467466c0c3e33a7cd0cc3fc99e3bda7,1.0,4.0,1.0,3.0,1.0,3.0,1971,11,25,52.0,2014-01-01,,,1.0,0.0,Serviços
2505,34e838f6921dc152039e00f5dd7d0f9faea5f4c9,1.0,4.0,1.0,3.0,1.0,1.0,1980,12,31,42.0,2014-01-01,,,1.0,0.0,Serviços
2617,ae184f7671bbba8283cb4948ecbe4e5456ccba20,1.0,4.0,1.0,3.0,1.0,1.0,1994,2,10,41.0,2015-01-01,,,1.0,0.0,Serviços
2817,e6905df8f5df84c054922b72e159f9003b8919ab,1.0,4.0,1.0,3.0,1.0,1.0,1968,4,3,42.0,2016-01-01,,,0.0,0.0,Serviços
2918,0d5cbdb2210c374b1dfb5c9f480f81c7feb39138,1.0,4.0,1.0,3.0,1.0,1.0,1997,10,9,42.0,2015-01-01,,,0.0,0.0,Serviços
2935,32a0bd95b0b9b3881fc19ea867f20d6c42adc25a,5.0,1.0,1.0,3.0,1.0,1.0,1994,8,1,42.0,2016-01-01,1.0,0.0,1.0,0.0,Serviços
3053,285d88c5f5a6ca435108a129cc56cc50986f3ecc,4.0,3.0,3.0,3.0,1.0,1.0,1993,2,24,,2013-01-07,0.0,0.0,1.0,0.0,Serviços
3260,01c0815fe3d356e0a33c27dd02c6ecb866e34d08,5.0,1.0,3.0,3.0,1.0,0.0,1987,7,17,42.0,2016-01-01,1.0,0.0,1.0,0.0,Serviços
3275,7a16d83ecaf5319c4aa38d6ed7dac2ab58dc322a,1.0,4.0,1.0,3.0,1.0,1.0,1998,10,26,42.0,2016-01-01,,,1.0,0.0,Serviços
3395,968a0616dd56021aebd9684e81025621a1024cd4,1.0,4.0,1.0,3.0,1.0,1.0,1995,7,13,35.0,2016-01-01,,,1.0,0.0,Serviços
3463,a9e36c45fa27ea41cdfb1251e28138d30a80433c,1.0,4.0,1.0,3.0,1.0,1.0,1997,7,11,41.0,2015-01-01,,,1.0,0.0,Serviços
3593,9d45a3c7f59142a0f9c50b1ec23e175815f63171,1.0,4.0,1.0,3.0,1.0,1.0,1987,5,16,42.0,2016-01-07,,,0.0,0.0,Serviços
3632,c7d7af165855c78aa44ede95e92beab78923bc36,1.0,4.0,1.0,3.0,1.0,2.0,1969,4,29,35.0,2014-01-01,,,0.0,0.0,Serviços
3652,bbfc81b9c574ce021a3722070c5afe578e85628e,1.0,4.0,1.0,3.0,1.0,3.0,1993,9,7,42.0,2013-01-01,,,1.0,0.0,Serviços
3803,209121e523363881dd7112542504a0cbab878a73,1.0,4.0,1.0,3.0,1.0,1.0,1989,1,29,42.0,2016-01-01,,,1.0,0.0,Serviços
3859,503f04e2bdecfff0203fe495932ef13f58642e16,5.0,1.0,1.0,3.0,1.0,0.0,1985,11,20,42.0,2014-01-01,1.0,0.0,1.0,0.0,Serviços
4669,e72649add5eaa2d3c4fafc8d4ac4ad10f95f59f4,5.0,1.0,3.0,3.0,1.0,1.0,1998,3,30,42.0,2016-01-01,1.0,0.0,0.0,0.0,Serviços
4720,d2b945ec001df5acbb36cb1d306560c3996d34b0,1.0,4.0,1.0,3.0,1.0,1.0,1985,11,26,35.0,2014-01-01,,,1.0,0.0,Serviços
4776,209bccf834836a35e073e9bbb90b19d8f800a76b,1.0,4.0,1.0,3.0,1.0,3.0,1994,11,9,,2016-01-01,,,0.0,0.0,Serviços
4870,28ed8e1ccc70909d9db1fe576964b7a5cc166299,1.0,4.0,1.0,3.0,1.0,1.0,1991,7,3,42.0,2014-01-01,,,0.0,0.0,Serviços
4975,80b0ee2ae1213d551d1b11103add61852991ebdb,5.0,1.0,3.0,3.0,1.0,0.0,1992,1,16,42.0,2014-01-01,1.0,0.0,0.0,0.0,Serviços
5116,bd76142fbdfab165a2ef14ec3fd110c76a3cb50f,5.0,2.0,1.0,3.0,1.0,1.0,1989,11,24,35.0,2016-01-07,0.0,0.0,1.0,0.0,Serviços
5126,3356b76ced527fadca6d22b62d70c649fd6ebf07,5.0,1.0,3.0,3.0,1.0,0.0,1990,11,15,42.0,2014-01-01,1.0,0.0,1.0,0.0,Serviços
5136,a39ec507f14529aa6f72fb4ca6ffbe1d4ce43a5f,5.0,1.0,3.0,3.0,1.0,0.0,1996,1,19,42.0,2014-01-01,0.0,0.0,0.0,0.0,Serviços
5605,4b6462e5a60605d5ed2f3395411cd62e1c2aeae5,1.0,4.0,1.0,3.0,1.0,1.0,1995,1,15,42.0,2013-01-01,,,1.0,0.0,Serviços
5703,21fe72eb8b3cfc91c290edbea373c2d07a707c02,5.0,1.0,1.0,3.0,1.0,3.0,1995,8,12,42.0,2016-01-01,0.0,0.0,1.0,0.0,Serviços
5879,195ceadf4783cdde915e7aadf94fa85b0ef3c54b,5.0,1.0,3.0,3.0,1.0,1.0,1997,11,19,42.0,2016-01-01,0.0,0.0,1.0,0.0,Serviços
5981,5cb86bb1da3fd0af4fa7668bd7ccf384eaf97e06,5.0,3.0,3.0,3.0,1.0,1.0,1990,4,27,,2011-01-01,0.0,,1.0,0.0,Serviços
6104,f7fc1efe0bf8487444b7b59177148ac611ef3c78,1.0,4.0,1.0,3.0,1.0,1.0,1981,5,16,43.0,2014-01-01,,,0.0,0.0,Serviços
6759,a9e5cbd08154c56c2570a159f7992c1b931c1f70,1.0,4.0,1.0,3.0,1.0,3.0,1984,1,26,29.0,2013-01-01,,,0.0,0.0,Serviços
6850,61b464260d4451aeba84a0b43d075b35eb7cce67,4.0,3.0,3.0,3.0,1.0,0.0,1989,10,1,,2008-01-07,0.0,0.0,1.0,0.0,Serviços
6928,6a623b2d90542ca1e1d4d123dc8f74667d16e5ff,1.0,4.0,1.0,3.0,1.0,1.0,1984,7,28,42.0,2016-01-01,,,0.0,0.0,Serviços
7182,fac40d1af93bc4486813423ace9fc0732fd9f1ef,5.0,1.0,1.0,3.0,1.0,1.0,1997,1,3,42.0,2015-01-01,1.0,0.0,1.0,0.0,Serviços
7245,2dfee5f8ad5ab4b79fcad228c1aeace17f3a596f,1.0,4.0,1.0,3.0,1.0,1.0,1981,9,17,31.0,2013-01-07,,,0.0,0.0,Serviços
7335,9e961078e1e81827eaf1d74bc1c339a31a7abcc8,5.0,1.0,1.0,3.0,1.0,1.0,1998,1,9,42.0,2016-01-01,1.0,0.0,0.0,0.0,Serviços
7558,12d3bb25da24393c57b809e117c3d48ed6d6ef57,1.0,4.0,1.0,3.0,1.0,3.0,1997,4,14,42.0,2016-01-01,,,0.0,0.0,Serviços
7758,811981498ee15a09cb3df7c02b61b35c7a8dc220,1.0,4.0,1.0,3.0,1.0,1.0,1998,7,6,33.0,2016-01-01,,,1.0,0.0,Serviços
7845,fb871790d53a476b8bdddfad0d5657e80717414a,1.0,4.0,1.0,3.0,1.0,1.0,1979,1,4,41.0,2016-01-01,,,0.0,0.0,Serviços
7887,86bb34dfc97ad0be4b14b7f65725b5cff517e104,5.0,1.0,3.0,3.0,1.0,1.0,1997,12,26,42.0,2016-01-01,0.0,0.0,1.0,0.0,Serviços
8035,516fbc42d69dd1914ec89778f8a0ed13a8fc734b,1.0,4.0,1.0,3.0,1.0,3.0,1993,4,13,43.0,2014-01-01,,,0.0,0.0,Serviços
8272,b4f735d399b1f498873fdd3290ccfe04f03589e7,5.0,1.0,1.0,3.0,1.0,0.0,1994,11,1,42.0,2015-01-01,0.0,0.0,1.0,0.0,Serviços
8802,9e31e2ac654249b631f30aa2297a158490b50354,1.0,4.0,1.0,3.0,1.0,1.0,1967,3,9,42.0,2016-01-07,,,1.0,0.0,Serviços
8845,a7acd68ff057af3c72c4e63f82f8bd612fa51cce,1.0,4.0,1.0,3.0,1.0,1.0,1991,8,22,42.0,2015-01-01,,,1.0,0.0,Serviços
8909,6007d70bbbd5b2dcd455dec28aba391b632dc8cf,1.0,4.0,1.0,3.0,1.0,1.0,1995,2,7,42.0,2013-01-01,,,1.0,0.0,Serviços
8953,75775e12624cfae5af7db7ca97d384e0e699488b,5.0,1.0,1.0,3.0,1.0,0.0,1991,2,15,42.0,2014-01-01,1.0,0.0,0.0,0.0,Serviços
8996,207ee8106b451727e6247b9b0e9f065da649a5b0,1.0,4.0,1.0,3.0,1.0,1.0,1997,9,21,35.0,2016-01-01,,,0.0,0.0,Serviços
9197,35808fb1a298286ed84d3b36708fe95b4f76f55d,5.0,1.0,1.0,3.0,1.0,1.0,1997,1,14,42.0,2016-01-01,0.0,0.0,1.0,0.0,Serviços
9218,ce4b4dde1b2b3c5f4e33d6bcebe23f5d6c190de5,4.0,3.0,3.0,3.0,1.0,2.0,1986,2,21,,2013-01-01,0.0,0.0,1.0,0.0,Serviços
9775,02fe48aade3109769b2bc1122c098a0fea46ed3e,1.0,4.0,1.0,3.0,1.0,1.0,1983,6,14,42.0,2015-01-01,,,1.0,0.0,Serviços
10726,480323c87c7130bb50c927cccef4ab8d10f4df27,5.0,3.0,3.0,3.0,1.0,1.0,1983,6,20,42.0,2011-01-01,0.0,,0.0,0.0,Serviços
11028,76d11ed4384aa6ecebe4438203a1025afbf6bc8a,1.0,4.0,1.0,3.0,1.0,1.0,1962,3,18,43.0,2013-01-01,,,1.0,0.0,Serviços
11628,13f512df2796492e242336401eb945cc6144cbb1,1.0,4.0,1.0,3.0,1.0,1.0,1995,6,13,35.0,2014-01-01,,,1.0,0.0,Serviços
11950,32d1cf0860943ca19db1cf94708a89f11727d0ae,4.0,3.0,3.0,3.0,1.0,0.0,1989,8,4,,2010-01-01,0.0,0.0,1.0,0.0,Serviços
12053,411a08129fda2784fd68a902f61758ec2cdbe5bf,5.0,1.0,1.0,3.0,1.0,1.0,1997,7,3,42.0,2016-01-01,0.0,0.0,0.0,0.0,Serviços
12430,beb5403f0475b2cca329ca9620afc725f23da748,1.0,4.0,1.0,3.0,1.0,1.0,1986,7,9,42.0,2015-01-01,,,0.0,0.0,Serviços
12651,fd8a16f511742cd2b156dcd8827d3396318774cd,5.0,1.0,3.0,3.0,1.0,0.0,1988,2,1,42.0,2015-01-01,0.0,0.0,0.0,0.0,Serviços
12771,c43ca9f7edc28293ae66f7a3e8dbd04a964e2a05,1.0,4.0,1.0,3.0,1.0,1.0,1995,11,26,42.0,2015-01-01,,,0.0,0.0,Serviços
12839,275d055ed3e15c82ad04bd820ba6e9e91f11ff8a,5.0,1.0,3.0,3.0,1.0,0.0,1996,5,15,42.0,2015-01-07,0.0,0.0,1.0,0.0,Serviços
12938,6ff615ead98057aae01a6c31a26cc394afed998a,1.0,4.0,1.0,3.0,1.0,1.0,1990,11,28,42.0,2013-01-01,,,0.0,0.0,Serviços
13232,2a2a88f369593a2ea4f217c15b0995d612d1bc84,5.0,1.0,3.0,3.0,1.0,1.0,1988,9,26,42.0,2014-01-01,1.0,0.0,0.0,0.0,Serviços
13637,11d5d63f4919a8af141d9fa457240e7dc8549595,1.0,4.0,1.0,3.0,1.0,2.0,1992,3,7,42.0,2016-01-01,,,0.0,0.0,Serviços
13678,c64b53664741fe4c9032cc33e00b7d5cbcb2fe5b,5.0,2.0,1.0,3.0,1.0,1.0,1978,8,2,42.0,2016-01-07,0.0,0.0,1.0,0.0,Serviços
13987,42498e9dd1f806567a2c55f345bb41a6d2ac4f54,1.0,4.0,1.0,3.0,1.0,1.0,1983,7,13,43.0,2014-01-01,,,0.0,0.0,Serviços
14318,c00573cea0bf95e58a430d16eb47c910ebb1f3ce,5.0,3.0,3.0,3.0,1.0,1.0,1973,4,2,35.0,2011-01-01,0.0,,0.0,0.0,Serviços
14509,ca11207f1ee342a5a3e0860d3a12801ea369450f,1.0,4.0,1.0,3.0,1.0,1.0,1996,6,19,,2015-01-01,,,0.0,0.0,Serviços
14994,c0bf16ec8a73b7c9a6c7249254def47b9161a348,5.0,3.0,3.0,3.0,1.0,1.0,1990,1,25,42.0,2010-01-01,0.0,,1.0,0.0,Serviços
15166,74828b8562b7fbf83b446cd2edf8916272cf208d,1.0,4.0,1.0,3.0,1.0,1.0,1979,9,16,43.0,2016-01-01,,,0.0,0.0,Serviços
15561,8326f6ba33cd28b762d42671ee58e32d9e76cb25,4.0,3.0,3.0,3.0,1.0,0.0,1991,7,6,,2012-01-01,1.0,0.0,1.0,0.0,Serviços
15879,cec6a18ba1e7d2c3774cc630498f856d3d5e3b4a,5.0,1.0,3.0,3.0,1.0,1.0,1997,4,1,42.0,2015-01-01,0.0,0.0,0.0,0.0,Serviços
15955,8727d7811171fd184cc476487061fcd535becb67,1.0,4.0,1.0,3.0,1.0,1.0,1996,11,22,35.0,2016-01-01,,,0.0,0.0,Serviços
16006,a8c67d213936de8aa1343e6482bb7ec504413936,5.0,1.0,3.0,3.0,1.0,0.0,1980,1,11,42.0,2016-01-01,0.0,0.0,1.0,0.0,Serviços
16013,11256b57656241cc2d6bfd63776b0f995ad253ca,5.0,1.0,3.0,3.0,1.0,0.0,1991,8,13,42.0,2014-01-01,0.0,0.0,0.0,0.0,Serviços
16318,9574c594e65570c940546a53b231a0eec39a3655,1.0,4.0,1.0,3.0,1.0,1.0,1995,2,19,42.0,2016-01-01,,,1.0,0.0,Serviços
16326,77f4e8d780998bafc3a2fc05f4d975f0713caecc,5.0,1.0,1.0,3.0,1.0,0.0,1996,11,23,42.0,2015-01-01,1.0,0.0,1.0,0.0,Serviços
16349,a26c6afbf350cf5b94bba24069750ab407e42a6f,5.0,1.0,3.0,3.0,1.0,0.0,1985,10,10,42.0,2011-01-01,1.0,0.0,0.0,0.0,Serviços
16638,3aeb18a48d8ce1c9e6707a22c9cc35a93dda84d4,5.0,1.0,1.0,3.0,1.0,0.0,1988,1,11,42.0,2010-01-01,0.0,0.0,1.0,0.0,Serviços
16654,4ffbf02cfb3aaab9134ff00d6b98de1f49302ff7,1.0,4.0,1.0,3.0,1.0,1.0,1993,7,20,42.0,2015-01-01,,,0.0,0.0,Serviços
17076,4b91f79d213ae5b6c47e80b557ba79c12badf499,4.0,3.0,3.0,3.0,1.0,1.0,1988,7,7,,2010-01-01,0.0,0.0,0.0,0.0,Serviços
17193,980101465256de2ce0238540c6248ff4d4394064,1.0,4.0,1.0,3.0,1.0,1.0,1989,1,12,42.0,2016-01-01,,,0.0,0.0,Serviços
17222,4853fd2efa70114e7442fb8c2e5405f446bd1c60,1.0,4.0,1.0,3.0,1.0,1.0,1982,4,8,42.0,2015-01-07,,,1.0,0.0,Serviços
17445,6e58aca7e9e4175526cec19d4e9c4a4c8e5b4018,1.0,4.0,1.0,3.0,1.0,1.0,1994,1,20,42.0,2015-01-01,,,1.0,0.0,Serviços
17462,777d2b83247a8b1e553f03198ecdbac322522c26,1.0,4.0,1.0,3.0,1.0,3.0,1993,6,25,35.0,2016-01-01,,,0.0,0.0,Serviços
17660,73cf2de697833f137ac5314f842e2045f6d102fe,1.0,4.0,1.0,3.0,1.0,1.0,1997,5,21,43.0,2016-01-01,,,1.0,0.0,Serviços
17766,58f7a7fe75335fac28416d82ae964d85f2343111,5.0,1.0,1.0,3.0,1.0,1.0,1997,1,11,42.0,2016-01-01,1.0,0.0,1.0,0.0,Serviços
17847,c247eb19a48b9fe8f7962f39d5c25a9a352d0ff2,1.0,4.0,1.0,3.0,1.0,1.0,1996,1,29,35.0,2015-01-01,,,0.0,0.0,Serviços
18134,78818541481eafcdbe285005c317aabc549ec2a0,5.0,1.0,1.0,3.0,1.0,1.0,1995,10,21,,2015-01-01,0.0,0.0,1.0,0.0,Serviços
18350,0e5b67b1d127d724d87597ca0aadc381954ec90c,5.0,1.0,1.0,3.0,1.0,1.0,1996,9,10,42.0,2015-01-01,0.0,0.0,1.0,0.0,Serviços
18608,cc3fd5240160ae78a6a9bea33ab59ba68103e5f4,5.0,1.0,3.0,3.0,1.0,0.0,1998,4,27,42.0,2016-01-01,1.0,0.0,1.0,0.0,Serviços
18611,0d40c0a2f51d270078807cec60914f3946b08148,1.0,4.0,1.0,3.0,1.0,1.0,1995,6,17,43.0,2015-01-01,,,0.0,0.0,Serviços
19046,56e5a984ab77a32b4261465cbe52c2cc7a7571e6,5.0,3.0,3.0,3.0,1.0,2.0,1986,3,11,42.0,2011-01-01,0.0,,0.0,0.0,Serviços
19082,616c4c657fe67c6ab0b33725c1f3b1eb845abe83,1.0,4.0,1.0,3.0,1.0,1.0,1975,11,30,42.0,2015-01-01,,,1.0,0.0,Serviços
19328,8442f6d33765edfa6622a357ec3c39ce8e8ce8d7,5.0,1.0,3.0,3.0,1.0,1.0,1998,6,8,42.0,2016-01-01,1.0,0.0,1.0,0.0,Serviços
19445,36eb9cc10b4484f3d1d528c32c00aec8cd19f53d,5.0,1.0,3.0,3.0,1.0,0.0,1973,7,24,41.0,2014-01-07,1.0,0.0,0.0,0.0,Serviços
20532,aa5981675f44c97ab2ebaf47ded98d5f41ba7027,1.0,4.0,1.0,3.0,1.0,3.0,1977,2,8,53.0,2014-01-01,,,1.0,0.0,Serviços
20698,43cbb491528b3b016cb189b29414423be3891c94,1.0,4.0,1.0,3.0,1.0,2.0,1985,10,15,21.0,2015-01-01,,,1.0,0.0,Serviços
21248,b98ad60c481477321c47c13b7a96c0efcdc0642f,1.0,4.0,1.0,3.0,1.0,1.0,1997,12,29,,2015-01-01,,,1.0,0.0,Serviços
21732,9f790752c0edb18df0a31ffa8e76959035c5e9b5,5.0,3.0,3.0,3.0,1.0,1.0,1986,6,5,42.0,2011-01-01,0.0,,0.0,0.0,Serviços
21864,e7befa171dfc3aa3ff3e2efd510d564bad67313b,1.0,4.0,1.0,3.0,1.0,1.0,1952,9,1,42.0,2015-01-01,,,1.0,0.0,Serviços
22116,e55b1283567193ef7bb53e8fff0881d3c1af1164,1.0,4.0,1.0,3.0,1.0,1.0,1991,2,25,42.0,2013-01-01,,,0.0,0.0,Serviços
22245,5315966f19d140e6168b2afaf75af985a7a28f8b,1.0,4.0,1.0,3.0,1.0,1.0,1998,3,3,42.0,2016-01-01,,,0.0,0.0,Serviços
22676,ccc54161e60e048521314ac09c539aa49638bae4,5.0,1.0,3.0,3.0,1.0,1.0,1996,6,14,42.0,2015-01-01,0.0,0.0,0.0,0.0,Serviços
22958,cf29215b1b81a85c2270a68f04d34911df75d4a4,5.0,1.0,3.0,3.0,1.0,1.0,1991,3,4,42.0,2015-01-01,0.0,0.0,0.0,0.0,Serviços
23264,07493b4e4162981b2c26f8ec9903a52bc304eedf,5.0,1.0,1.0,3.0,1.0,1.0,1994,6,1,42.0,2016-01-01,1.0,0.0,0.0,0.0,Serviços
23265,4d466bfa83a71e0c4ce984f8649ffa699d0f90a7,1.0,4.0,1.0,3.0,1.0,1.0,1997,8,15,42.0,2015-01-01,,,0.0,0.0,Serviços
23325,b2cf97c760139e5f36fefc04262c3a334eee52f1,5.0,1.0,3.0,3.0,1.0,0.0,1993,9,25,42.0,2014-01-07,1.0,0.0,1.0,0.0,Serviços
23521,4f68e8b3822e8029891a6cb2ef509c85a747a221,5.0,2.0,1.0,3.0,1.0,1.0,1989,6,25,42.0,2016-01-07,0.0,0.0,1.0,0.0,Serviços
23951,2503dc868a838ea3f975bf1ccb2bceee929e868b,1.0,4.0,1.0,3.0,1.0,1.0,1976,4,28,43.0,2013-01-01,,,0.0,0.0,Serviços
23985,538a5344970383f08329d7121f0f79d7ed2fd079,5.0,1.0,3.0,3.0,1.0,0.0,1967,9,24,21.0,2015-01-07,0.0,0.0,0.0,0.0,Serviços
24047,1b6942d0726f80fe33b9d8800126a2bacbe4d1d9,1.0,4.0,1.0,3.0,1.0,1.0,1998,9,23,42.0,2016-01-01,,,1.0,0.0,Serviços
24148,0338da255b1a03bf2001f4920827c58ce093bb82,4.0,3.0,3.0,3.0,1.0,1.0,1994,3,15,42.0,2013-01-01,0.0,0.0,1.0,0.0,Serviços
24209,405ef5d1121c7fb033d7632e7500ab16347fb86f,1.0,4.0,1.0,3.0,1.0,3.0,1967,3,26,42.0,2013-01-01,,,1.0,0.0,Serviços
24342,37518c661bd18abb809cf2d035faf49372e53d2c,1.0,4.0,1.0,3.0,1.0,1.0,1995,9,3,43.0,2015-01-01,,,1.0,0.0,Serviços
25076,190c6903e06664c9acbbf013a67a32672d5088fc,5.0,1.0,3.0,3.0,1.0,0.0,1990,8,9,42.0,2015-01-01,0.0,0.0,0.0,0.0,Serviços
25163,b5ea8d8e15cd7cf77a9575c7edc01a3a8d189c9d,5.0,1.0,3.0,3.0,1.0,0.0,1979,3,5,35.0,2014-01-01,0.0,0.0,0.0,0.0,Serviços
26385,d3b2a2665fd0f6ae65b37a9a22aec9847082ddda,5.0,1.0,1.0,3.0,1.0,1.0,1996,7,8,35.0,2015-01-01,1.0,0.0,0.0,0.0,Serviços
26466,179b3263553731a4e6150f5dc2ee34ef8cfa9089,5.0,1.0,3.0,3.0,1.0,1.0,1997,2,7,42.0,2016-01-01,1.0,0.0,1.0,0.0,Serviços
26512,6cb9b1ff078d120a13d87ee45fa9578d0839f1ef,5.0,2.0,1.0,3.0,1.0,1.0,1989,3,16,42.0,2016-01-07,0.0,0.0,1.0,0.0,Serviços
26699,b7bbd50a0eefd224530bba471ad05d864fc8bf3f,1.0,4.0,1.0,3.0,1.0,1.0,1974,11,29,42.0,2014-01-01,,,0.0,0.0,Serviços
26780,48afd21d7a811464521ed18285f61ae7df7ec6d3,1.0,4.0,1.0,3.0,1.0,1.0,1992,6,15,35.0,2015-01-01,,,1.0,0.0,Serviços
27313,3e510ac035566b0442f2463eebeb7dc189424568,1.0,4.0,1.0,3.0,1.0,1.0,1996,10,15,42.0,2014-01-01,,,0.0,0.0,Serviços
27533,e06f890d3f3f1186fc5b303ca18197ce46621120,5.0,1.0,3.0,3.0,1.0,1.0,1993,12,9,42.0,2015-01-07,0.0,0.0,0.0,0.0,Serviços
27749,2b86f093b7b886650f3a31df59df89ccde2d38b0,1.0,4.0,1.0,3.0,1.0,1.0,1989,7,6,35.0,2016-01-01,,,0.0,0.0,Serviços
27858,7b6002c3b353b33d78a9e6f78479d3c81f55dba7,1.0,4.0,1.0,3.0,1.0,1.0,1996,4,5,,2014-01-01,,0.0,1.0,0.0,Serviços
27985,7da847284dea0e504f0e45dd1d7ef2e8f4ca805b,4.0,3.0,3.0,3.0,1.0,0.0,1990,10,12,,2008-01-07,0.0,0.0,1.0,0.0,Serviços
27992,6518200b3fe592db543959f44dc9555ddadb4660,1.0,4.0,1.0,3.0,1.0,1.0,1994,5,10,35.0,2013-01-01,,,1.0,0.0,Serviços
28227,acf70cc70bf523b6a91a34f1154fe36c082d48a4,1.0,4.0,1.0,3.0,1.0,4.0,1994,8,24,41.0,2014-01-01,,,0.0,0.0,Serviços
28228,8b921b3e066753c0e57c0a62271a28f617deb518,5.0,1.0,1.0,3.0,1.0,0.0,1975,6,20,43.0,2016-01-01,1.0,0.0,1.0,0.0,Serviços
28265,e05aff2437b15f149f56ed8c785323a2f36fd691,5.0,1.0,1.0,3.0,1.0,0.0,1992,2,15,42.0,2009-01-01,1.0,0.0,0.0,0.0,Serviços
28580,b6e0cac89725a6127f9aa2251b877db66ee8a93f,1.0,4.0,1.0,3.0,1.0,3.0,1997,9,18,42.0,2016-01-01,,,0.0,0.0,Serviços
28599,4ab0b1c22d4d810e916c8b6ea1a5181ed2785ea0,5.0,1.0,1.0,3.0,1.0,0.0,1992,2,13,42.0,2015-01-07,0.0,0.0,0.0,0.0,Serviços
28828,4e5da0dd24306c6567b4d0fb7fb491425524dbb2,1.0,4.0,1.0,3.0,1.0,1.0,1989,7,16,42.0,2016-01-01,,,1.0,0.0,Serviços
28850,948d41b2908930bb1f2f1a25826afe9c913e1271,1.0,4.0,1.0,3.0,1.0,1.0,1997,2,13,42.0,2015-01-01,,,0.0,0.0,Serviços
29473,157029d25facdbdf62703f34f94f5846a3f6631f,5.0,1.0,3.0,3.0,1.0,0.0,1996,7,16,42.0,2015-01-01,1.0,0.0,1.0,0.0,Serviços
29599,c798a1e57b19de5f2f52397d354c95b0febaf294,5.0,1.0,3.0,3.0,1.0,0.0,1996,8,19,42.0,2015-01-01,0.0,0.0,0.0,0.0,Serviços
29646,eeb8ae2d8f399eda09f6a39647219fed6276f1e4,4.0,3.0,3.0,3.0,1.0,1.0,1987,10,28,42.0,2012-01-07,0.0,0.0,0.0,0.0,Serviços
29903,75735ce6897eb5a0d118300c6dcd6cbecc8e1268,5.0,3.0,3.0,3.0,1.0,2.0,1990,9,11,42.0,2011-01-01,0.0,,0.0,0.0,Serviços
29924,ba6276b8c84b1b212c531a96e21100d783875f4a,5.0,1.0,1.0,3.0,1.0,0.0,1982,12,29,42.0,2015-01-01,0.0,0.0,1.0,0.0,Serviços
30125,7547565bcaf2e78a6489a4be8189a6fbb773c01f,4.0,3.0,3.0,3.0,1.0,0.0,1990,3,20,,2008-01-07,0.0,0.0,1.0,0.0,Serviços
30374,0636b042da422e4e8aec60deebd93de5b07e9cd4,1.0,4.0,1.0,3.0,1.0,1.0,1997,2,8,33.0,2016-01-01,,,0.0,0.0,Serviços
30739,641ff185f6b30f22a4b013b0135c80cd9553c15e,1.0,4.0,1.0,3.0,1.0,1.0,1985,2,17,43.0,2015-01-01,,,1.0,0.0,Serviços
31027,49c6b8d969d1a3acb55e6765a1a252adb409bcd9,4.0,3.0,3.0,3.0,1.0,0.0,1989,3,3,,2008-01-07,0.0,0.0,0.0,0.0,Serviços
31069,293df17cad0a7a31367702430f4e0bd9246b442f,5.0,1.0,1.0,3.0,1.0,0.0,1997,5,31,42.0,2015-01-01,1.0,0.0,0.0,0.0,Serviços
31149,796e9c37670d263cd11929a93066ff454d7c6ff9,5.0,1.0,3.0,3.0,1.0,1.0,1992,9,22,42.0,2015-01-07,1.0,0.0,0.0,0.0,Serviços
31192,7066f1e6f79dd35e5046275487b282d745f3d37f,1.0,4.0,1.0,3.0,1.0,1.0,1953,12,24,42.0,2015-01-07,,,1.0,0.0,Serviços
31231,55c26cc3fcca691a2d7080e113be86c98a82cbfb,5.0,1.0,3.0,3.0,1.0,1.0,1996,9,28,42.0,2016-01-01,0.0,0.0,1.0,0.0,Serviços
31279,759ac9191cd27eecfea59c27688ff2f54e2dbfdb,1.0,4.0,1.0,3.0,1.0,1.0,1986,6,11,42.0,2014-01-01,,,1.0,0.0,Serviços
31337,ded711e0878cfbf575dd8408c1f5ed0e0a1c314f,1.0,4.0,1.0,3.0,1.0,1.0,1984,10,9,43.0,2013-01-01,,,0.0,0.0,Serviços
31535,890898d89c89ff0b81bce239b4d415199a161718,1.0,4.0,1.0,3.0,1.0,0.0,1994,6,6,42.0,2015-01-07,,,0.0,0.0,Serviços
31607,6bb93ec3346843c94f1e44fb67e5d44d27bc5e63,1.0,4.0,1.0,3.0,1.0,1.0,1998,5,12,35.0,2016-01-01,,,1.0,0.0,Serviços
31637,a11aaa8180726dcdd0014c830476c8db4d52bbc2,5.0,1.0,3.0,3.0,1.0,0.0,1977,5,12,41.0,2014-01-01,1.0,0.0,1.0,0.0,Serviços
31645,c6df6db1fe1802ea899605185a7aee9eca669e1f,5.0,1.0,1.0,3.0,1.0,1.0,1998,5,13,42.0,2016-01-01,0.0,0.0,1.0,0.0,Serviços
31895,781a45caec1316016c4ad01eb7ddb7e75b20ab5b,5.0,1.0,3.0,3.0,1.0,1.0,1997,2,2,,2016-01-01,0.0,0.0,1.0,0.0,Serviços
31924,f1c03d33c6e4d44d9ec44a8592f0b272b11610a9,1.0,4.0,1.0,3.0,1.0,1.0,1989,11,28,42.0,2013-01-01,,,1.0,0.0,Serviços
32261,bb9bd9be89c807b233b2ab9894647b8789a325fd,1.0,4.0,1.0,3.0,1.0,1.0,1992,3,31,43.0,2013-01-01,,,1.0,0.0,Serviços
32694,9b82dec12efaf14f2bef3c01d9be6643eb2011bb,5.0,3.0,3.0,3.0,1.0,2.0,1987,6,24,41.0,2011-01-01,0.0,,0.0,0.0,Serviços
32720,3e3e7a4b7c60c5192d0ad1f1b023519630596898,1.0,4.0,1.0,3.0,1.0,1.0,1964,12,8,42.0,2016-01-01,,,0.0,0.0,Serviços
33120,75a115290b3c92642ce073ced24a169eb92ea5f5,1.0,4.0,1.0,3.0,1.0,2.0,1985,10,7,43.0,2013-01-01,,,1.0,0.0,Serviços
33208,7f8c068c5c4392562e416a1af1ff29ca688e2c36,5.0,1.0,1.0,3.0,1.0,0.0,1997,4,8,42.0,2015-01-01,1.0,0.0,0.0,0.0,Serviços
33251,f214bf5bbe314969ba63f65b662c8889359ffd95,1.0,4.0,1.0,3.0,1.0,1.0,1996,4,30,26.0,2016-01-01,,,0.0,0.0,Serviços
33736,6136208d82db12cc1bf5f8b5fbda8bc0d88cd811,1.0,4.0,1.0,3.0,1.0,1.0,1997,10,8,42.0,2015-01-01,,,1.0,0.0,Serviços
33801,19dac228aa84830beb6885c6a34fd5ec1b7cd4fe,1.0,4.0,1.0,3.0,1.0,1.0,1968,4,25,42.0,2015-01-01,,,0.0,0.0,Serviços
33837,12363b2c08cb8de7edfc7e88ab3cc6c5958001e8,1.0,4.0,1.0,3.0,1.0,3.0,1972,11,2,35.0,2016-01-01,,,1.0,0.0,Serviços
33888,942300b8dbb0ed876e695a0551c578cc360da5e4,5.0,1.0,3.0,3.0,1.0,1.0,1993,4,12,35.0,2015-01-07,0.0,0.0,1.0,0.0,Serviços
34045,128f5e5d9376e68cecc7ffa47fe28e8ff9c5759f,1.0,4.0,1.0,3.0,1.0,1.0,1978,3,6,42.0,2013-01-01,,,1.0,0.0,Serviços
34337,993cb4bfc979a3398a0dace0cdca603d74955ea0,1.0,4.0,1.0,3.0,1.0,1.0,1979,8,10,,2015-01-01,,,0.0,0.0,Serviços
34365,1d6cd3451fbcf4bccc2c99dceeb6b6cc5db9afa3,1.0,4.0,1.0,3.0,1.0,1.0,1997,4,8,43.0,2016-01-01,,,0.0,0.0,Serviços
34398,d3105ff420c6769d74838ecbe18a855f5cce65be,5.0,1.0,1.0,3.0,1.0,0.0,1972,10,16,42.0,2014-01-01,1.0,0.0,0.0,0.0,Serviços
34492,a407fedcab02f9b82b34788b82ed1ef8f0bbf10a,1.0,4.0,1.0,3.0,1.0,3.0,1969,10,9,43.0,2013-01-01,,,1.0,0.0,Serviços
34532,352cfa697e1f9b98a93f7494a6d79ed39cf8f66a,5.0,1.0,1.0,3.0,1.0,1.0,1991,11,25,41.0,2016-01-01,1.0,0.0,1.0,0.0,Serviços
34689,bf14baeb46935ec122cfaeda8ef70dbe940b2e49,4.0,3.0,3.0,3.0,1.0,1.0,1992,3,14,42.0,2012-01-01,0.0,0.0,0.0,0.0,Serviços
34704,dd5a77bbbdf1b65d69e9cc9aec811af8539a22db,5.0,1.0,3.0,3.0,1.0,0.0,1992,8,18,42.0,2016-01-01,1.0,0.0,1.0,0.0,Serviços
34705,8a5c5560bcefb1f01e81ed019b6ffb8810391b3b,1.0,4.0,1.0,3.0,1.0,0.0,1996,1,6,42.0,2014-01-01,,,0.0,0.0,Serviços
34846,685c846c700ae56f037116c1f67eb3e4cfe04081,5.0,1.0,1.0,3.0,1.0,0.0,1987,6,22,42.0,2008-01-01,0.0,0.0,0.0,0.0,Serviços
34915,f43d81b92e2b813d4c30a489ddf13ab28847dce7,4.0,3.0,3.0,3.0,1.0,0.0,1987,7,6,42.0,2012-01-01,0.0,0.0,1.0,0.0,Serviços
35276,2dca4a5d8a092d592058f170e4ddd496488f7e0c,5.0,1.0,3.0,3.0,1.0,1.0,1979,11,12,41.0,2015-01-07,0.0,0.0,0.0,0.0,Serviços
35574,6b3d81d040131778050e7ede1c327a078cd3297f,5.0,2.0,1.0,3.0,1.0,1.0,1991,3,26,42.0,2016-01-07,0.0,0.0,1.0,0.0,Serviços
35891,89c2a81f5006863cec9ef2390e67784a3f16da2e,1.0,4.0,1.0,3.0,1.0,1.0,1997,5,21,42.0,2016-01-01,,,0.0,0.0,Serviços
35920,85eca7aec57a00abf6647797abd3a928556e1294,1.0,4.0,1.0,3.0,1.0,1.0,1960,4,6,43.0,2013-01-01,,,1.0,0.0,Serviços
35938,4f7c763c2fa4c5fef0fa5939ea72190e39f926f6,1.0,4.0,1.0,3.0,1.0,1.0,1992,10,5,42.0,2015-01-01,,,1.0,0.0,Serviços
36372,7bb81d341bef9c3a92e2f0d1679b4c13e8b3afdf,4.0,3.0,3.0,3.0,1.0,1.0,1992,10,11,,2010-01-01,0.0,0.0,1.0,0.0,Serviços
36772,adbde8df9bbfdf01b236b9a8da69f5412b82f72c,5.0,1.0,3.0,3.0,1.0,0.0,1989,9,15,43.0,2015-01-07,1.0,0.0,0.0,0.0,Serviços
36877,031c4cb0ead077804dd05a60fd701cea9c2bba40,1.0,4.0,1.0,3.0,1.0,1.0,1997,3,11,42.0,2015-01-01,,,1.0,0.0,Serviços
37103,105e1512a0d123a22be03f38d93b04ccff741c50,1.0,4.0,1.0,3.0,1.0,1.0,1994,7,6,42.0,2016-01-01,,,1.0,0.0,Serviços
37137,44dfc0ba5e48d5dba2bfcfac602a7394967837d9,5.0,1.0,3.0,3.0,1.0,1.0,1996,5,8,42.0,2015-01-01,0.0,0.0,1.0,0.0,Serviços
37353,5dd18970f5fcaf9bac3e59b1f72e70dbb05c9cb7,1.0,4.0,1.0,3.0,1.0,1.0,1996,12,4,42.0,2014-01-01,,,1.0,0.0,Serviços
37392,b4ac1834a6dfdb9c3413abfa40a41181b7e1dfef,4.0,3.0,3.0,3.0,1.0,1.0,1984,6,18,,2010-01-07,0.0,0.0,1.0,0.0,Serviços
37648,7374f942b37e9a5cd28abf57c039409f127444b0,1.0,4.0,1.0,3.0,1.0,0.0,1997,7,15,35.0,2015-01-01,,,1.0,0.0,Serviços
38115,f43cffabc6dfff39823a0f8914d5d6eb10ef36b4,5.0,1.0,3.0,3.0,1.0,0.0,1993,11,11,,2016-01-01,1.0,0.0,0.0,0.0,Serviços
38155,ca5e38089ca1590072d2b02fd2acff85b6c8945a,5.0,1.0,1.0,3.0,1.0,1.0,1993,11,24,43.0,2016-01-01,1.0,0.0,1.0,0.0,Serviços
38719,4ae2add78fbd8009997f9c8122d28906e76821be,5.0,1.0,1.0,3.0,1.0,0.0,1993,9,16,42.0,2014-01-01,1.0,0.0,0.0,0.0,Serviços
39117,877bd6b3dec08586ab88bed86a92e72af6faeab4,1.0,4.0,1.0,3.0,1.0,1.0,1996,2,5,42.0,2016-01-01,,,0.0,0.0,Serviços
39224,aab0ff6a2cb5b7242db228f454b36e14ea37f2b4,1.0,4.0,1.0,3.0,1.0,1.0,1993,7,9,35.0,2015-01-07,,,1.0,0.0,Serviços
39440,25f7a67cab95d6d8f50202d5bf6d4c7d194423ea,5.0,1.0,3.0,3.0,1.0,1.0,1988,5,17,41.0,2015-01-07,0.0,0.0,0.0,0.0,Serviços
39447,fb89afc1ba819d8c74aa5b6cac5e29d926c611c6,5.0,1.0,3.0,3.0,1.0,0.0,1987,2,19,42.0,2015-01-07,1.0,0.0,1.0,0.0,Serviços
39587,d317788bd6d3631a09ab75af33ddd8183ea44f92,1.0,4.0,1.0,3.0,1.0,1.0,1990,3,3,42.0,2015-01-01,,,1.0,0.0,Serviços
39620,169777792492bf2915658b8d063246573c9d5f55,1.0,4.0,1.0,3.0,1.0,1.0,1998,3,8,52.0,2016-01-01,,,1.0,0.0,Serviços
39866,d239f156a0ce812894ab514533eb6d195cf9b668,1.0,4.0,1.0,3.0,1.0,1.0,1990,9,13,41.0,2016-01-01,,,1.0,0.0,Serviços
39870,bdccc6702ddcf76010230fdfc8b008734ae60296,1.0,4.0,1.0,3.0,1.0,1.0,1973,1,19,42.0,2013-01-01,,,1.0,0.0,Serviços
40551,e2d589151486afc3e2d07a46824095403dabd22f,4.0,3.0,3.0,3.0,1.0,0.0,1992,8,6,,2012-01-01,0.0,0.0,0.0,0.0,Serviços
40611,0696a482915ef187758de4bd25c91d3d9decd5c4,1.0,4.0,1.0,3.0,1.0,1.0,1990,10,1,42.0,2015-01-01,,,1.0,0.0,Serviços
40616,1f16b89ce0ea0349b807cc7e456060783a726a7d,1.0,4.0,1.0,3.0,1.0,1.0,1990,8,27,35.0,2016-01-01,,,0.0,0.0,Serviços
41286,261066c825cf123424f3d7af79c15597f0c3d9ee,5.0,1.0,1.0,3.0,1.0,1.0,1997,8,29,41.0,2015-01-07,1.0,0.0,0.0,0.0,Serviços
41432,ccfee6e3dc9e2d289b55d8201a6f1425296f8db6,5.0,2.0,1.0,3.0,1.0,1.0,1998,4,19,42.0,2016-01-07,0.0,0.0,1.0,0.0,Serviços
41670,9f3e0b0aa61318e807438ef3f3b165be91bc5382,1.0,4.0,1.0,3.0,1.0,1.0,1984,12,15,23.0,2016-01-01,,,0.0,0.0,Serviços
41849,0ef645c718da3c4b7d0150938f34798bd0c58d73,1.0,4.0,1.0,3.0,1.0,3.0,1986,8,25,15.0,2016-01-01,,,0.0,0.0,Serviços
42167,1106bd97ac2dc1e481c5b73b7fb9daf6e8fb4b6e,4.0,3.0,3.0,3.0,1.0,1.0,1988,4,27,42.0,2008-01-07,0.0,0.0,1.0,0.0,Serviços
42692,d01928dc13bca8029a47c71344bec6dbe242b0f0,5.0,1.0,3.0,3.0,1.0,0.0,1997,2,18,42.0,2015-01-01,1.0,0.0,1.0,0.0,Serviços
43049,ac00d9e29175f7efafb295cdeab7d669987e99eb,1.0,4.0,1.0,3.0,1.0,1.0,1991,9,10,43.0,2013-01-01,,,1.0,0.0,Serviços
43090,ada4b24fc66757cb18b24e279a9b1fdd605f5e68,5.0,1.0,3.0,3.0,1.0,1.0,1995,1,26,42.0,2015-01-07,1.0,0.0,1.0,0.0,Serviços
43336,9a6d5be6e9fdcb8eccddc56b86222e1dfd22dde4,5.0,1.0,3.0,3.0,1.0,0.0,1997,6,28,42.0,2015-01-07,1.0,0.0,1.0,0.0,Serviços
43442,cc81bcb25c36f62af986b8e0535d2dd1a7359ee0,5.0,1.0,3.0,3.0,1.0,1.0,1996,12,11,42.0,2015-01-01,0.0,0.0,0.0,0.0,Serviços
43558,631e83fb7cf9de231b8f9b2f4d82444b00c5710c,1.0,4.0,1.0,3.0,1.0,3.0,1995,5,10,42.0,2015-01-01,,,1.0,0.0,Serviços
43658,b42f609b6f5e04f4cd3748ccdb5a01454f4de696,5.0,2.0,1.0,3.0,1.0,1.0,1998,6,28,42.0,2016-01-07,0.0,0.0,1.0,0.0,Serviços
43666,446e0349dc1fa1c2e769111438b7ea1184570066,5.0,1.0,3.0,3.0,1.0,0.0,1994,10,17,43.0,2015-01-01,0.0,0.0,0.0,0.0,Serviços
43689,e98bd8d0757650b62422518a3a5b6835ddf4e5d3,5.0,2.0,1.0,3.0,1.0,3.0,1977,9,19,29.0,2016-01-07,0.0,0.0,1.0,0.0,Serviços
44156,577d5a6f05796de0e1ba9d8068b081927b309fa7,1.0,4.0,1.0,3.0,1.0,1.0,1991,2,25,42.0,2016-01-01,,,1.0,0.0,Serviços
44160,2e2d4049a974e4ef17caee0f22ebd5f0917a14b6,1.0,4.0,1.0,3.0,1.0,1.0,1997,8,29,42.0,2016-01-01,,,0.0,0.0,Serviços
44175,9965358b0a0188c3d0f3dac358f43fccd62796a5,1.0,4.0,1.0,3.0,1.0,4.0,1970,12,28,42.0,2016-01-01,,,0.0,0.0,Serviços
44247,fd977267a7eeadac9dc5939989efc4dbc8dc16b5,5.0,1.0,3.0,3.0,1.0,1.0,1995,12,12,42.0,2015-01-01,1.0,0.0,1.0,0.0,Serviços
44289,e6cc340e828de483f8f41804452d4228fa2fec5e,5.0,2.0,1.0,3.0,1.0,1.0,1999,3,22,42.0,2016-01-07,0.0,0.0,1.0,0.0,Serviços
44353,7dee8abf71e566e48502dd989f1600cc431aaad2,1.0,4.0,1.0,3.0,1.0,1.0,1971,6,19,,2015-01-07,,0.0,1.0,0.0,Serviços
45552,981caf0ba8d56c475dbdf972f91cff8a34aaedbf,5.0,1.0,3.0,3.0,1.0,1.0,1997,10,21,42.0,2016-01-01,0.0,0.0,0.0,0.0,Serviços
45786,9d57245c5d2d32d3f233a3f2203443548057f958,1.0,4.0,1.0,3.0,1.0,1.0,1985,11,8,35.0,2015-01-01,,,0.0,0.0,Serviços
45945,dda66de17fa95d62f107da6a17c376824da9c50d,5.0,1.0,3.0,3.0,1.0,1.0,1986,9,27,41.0,2015-01-01,0.0,0.0,0.0,0.0,Serviços
46109,51a067b4701d94a54ac8c325cc2fc258d801a39e,1.0,4.0,1.0,3.0,1.0,1.0,1991,9,1,35.0,2013-01-01,,,0.0,0.0,Serviços
46113,77123a2efc93128d32ec09b7e34cabc30159a02b,5.0,3.0,3.0,3.0,1.0,1.0,1983,6,17,42.0,2011-01-01,0.0,,0.0,0.0,Serviços
46168,640eb5ab2638db745e50021247642434e4c0e40d,4.0,3.0,3.0,3.0,1.0,0.0,1969,4,26,,2008-01-07,0.0,0.0,0.0,0.0,Serviços
46253,08c426405bdca8cd6ad080afd323ca379a31f2cf,5.0,1.0,3.0,3.0,1.0,0.0,1985,9,16,42.0,2014-01-01,1.0,0.0,1.0,0.0,Serviços
46280,b726455684839b58b83b9348dcec565c804d8101,4.0,3.0,3.0,3.0,1.0,0.0,1990,3,5,,2010-01-01,0.0,0.0,1.0,0.0,Serviços
46311,2cdea59f975a4fdebdd6ae26d9e951431ca79ba7,5.0,1.0,1.0,3.0,1.0,1.0,1993,6,15,29.0,2015-01-07,0.0,0.0,1.0,0.0,Serviços
46395,3baa908fa20ada014aa53238f4c07c8e4655a336,4.0,3.0,3.0,3.0,1.0,1.0,1990,11,20,,2010-01-01,0.0,0.0,1.0,0.0,Serviços
46397,4f5735b56d5552f7c476ec762ccf6bd6abb2cd8d,5.0,1.0,3.0,3.0,1.0,0.0,1996,5,28,42.0,2014-01-01,1.0,0.0,1.0,0.0,Serviços
46436,b90da74f569995114487bb1921ac01a48d2690da,1.0,4.0,1.0,3.0,1.0,1.0,1981,6,14,41.0,2013-01-01,,,0.0,0.0,Serviços
46630,11329344649e8fad31a70da325da6d224a270f07,1.0,4.0,1.0,3.0,1.0,1.0,1998,3,17,35.0,2016-01-01,,,1.0,0.0,Serviços
46686,2b8d6a0a4129ceee18732555c5a36a0accf07251,5.0,1.0,3.0,3.0,1.0,1.0,1982,12,19,42.0,2015-01-07,1.0,0.0,1.0,0.0,Serviços
46693,a6df68a0e4a7f886c06dd3d98b678896eb848fdf,1.0,4.0,1.0,3.0,1.0,1.0,1980,4,29,33.0,2015-01-01,,,1.0,0.0,Serviços
46753,2d2b2e6656fb267fe6baf2306a383a32a5c7edff,4.0,3.0,3.0,3.0,1.0,1.0,1985,7,14,,2010-01-01,0.0,0.0,0.0,0.0,Serviços
46913,02a1fd5e3deec1d548a0991bda4673fe1cb864f2,1.0,4.0,1.0,3.0,1.0,1.0,1970,3,28,42.0,2014-01-01,,,1.0,0.0,Serviços
46938,8d179adccee69c470e3b1c9514d2538654ad8f8c,4.0,3.0,3.0,3.0,1.0,1.0,1995,1,12,,2013-01-01,0.0,0.0,1.0,0.0,Serviços
46983,12d70fce0f4880bcfb2ddfef90fcd715df5f50d3,5.0,1.0,1.0,3.0,1.0,1.0,1999,1,6,42.0,2016-01-01,0.0,0.0,1.0,0.0,Serviços
47101,551193e3b1a514fcf76919531753fd4caa7166d9,4.0,3.0,3.0,3.0,1.0,1.0,1992,6,7,,2010-01-01,0.0,0.0,1.0,0.0,Serviços
47166,96579b40e6a03b42226392b6aa30d51599143d08,1.0,4.0,1.0,3.0,1.0,1.0,1993,3,18,35.0,2015-01-07,,,1.0,0.0,Serviços
47341,13a34ee9f0ae93d1bb7386b6f6719432ed43f2c0,1.0,4.0,1.0,3.0,1.0,1.0,1992,2,27,41.0,2013-01-01,,,1.0,0.0,Serviços
47348,1cb0642d9d10cff200b3437dcbdde5668bf7abcb,5.0,1.0,1.0,3.0,1.0,3.0,1970,12,21,,2016-01-01,0.0,0.0,1.0,0.0,Serviços
47376,2162cbd5bf40f9e5fe5a84b70a737e31c72a0f47,5.0,1.0,1.0,3.0,1.0,0.0,1992,7,4,42.0,2013-01-01,0.0,0.0,0.0,0.0,Serviços
47458,5d6666fe133cf5194091345bdc3e16e543741309,5.0,1.0,1.0,3.0,1.0,1.0,1969,12,15,42.0,2016-01-01,0.0,0.0,1.0,0.0,Serviços
47996,508f03fd15cffd2f45c5e468b83c2baced9a643d,5.0,1.0,3.0,3.0,1.0,1.0,1994,1,8,43.0,2015-01-01,0.0,0.0,0.0,0.0,Serviços
48093,d139ddf380a3ffaf0297e6aef48ce2cb5e345094,1.0,4.0,1.0,3.0,1.0,1.0,1969,4,24,51.0,2016-01-01,,,0.0,0.0,Serviços
48438,7533ffca3b30baa11abf4d5004e191fbc14e1f7a,1.0,4.0,1.0,3.0,1.0,1.0,1997,2,16,42.0,2015-01-07,,,0.0,0.0,Serviços
48620,08f8233ee23882887e87f64e7abc023595ff019f,4.0,3.0,3.0,3.0,1.0,1.0,1978,7,2,,2010-01-07,0.0,0.0,1.0,0.0,Serviços
48623,8e3ff3f179025fb542ba7c75930ad008c140d2b4,4.0,3.0,3.0,3.0,1.0,3.0,1994,9,19,,2013-01-07,0.0,0.0,1.0,0.0,Serviços
48828,b0e25ac63e9ddd8beab7a68e826728c58901dbe4,5.0,1.0,1.0,3.0,1.0,3.0,1986,6,4,15.0,2016-01-01,1.0,0.0,1.0,0.0,Serviços
49015,957709bb81297363f48fe771dd209a990a89cc54,1.0,4.0,1.0,3.0,1.0,1.0,1981,10,6,42.0,2016-01-07,,,1.0,0.0,Serviços
49204,edb27376fe2eb16295e57c7332debeccce976fe8,5.0,1.0,3.0,3.0,1.0,0.0,1994,5,26,42.0,2014-01-01,1.0,0.0,1.0,0.0,Serviços
49272,dd4ec3f6a0a941f02d344da1e6e3fc625b3154e0,5.0,1.0,3.0,3.0,1.0,1.0,1996,12,18,42.0,2016-01-01,1.0,0.0,1.0,0.0,Serviços
49636,3a7fae7ee1b2c62b87b468b8f14742ad18a6bb0c,5.0,3.0,3.0,3.0,1.0,1.0,1991,8,14,42.0,2010-01-01,0.0,,0.0,0.0,Serviços
49917,315f23a139872592ff4cf1db337fc899873bf915,5.0,1.0,3.0,3.0,1.0,0.0,1967,1,5,43.0,2016-01-01,0.0,0.0,1.0,0.0,Serviços
50002,6698f5dd14ba3b6f2a879f7b5a8b3bc1f30d9942,4.0,3.0,3.0,3.0,1.0,0.0,1962,4,25,,2012-01-01,0.0,0.0,1.0,0.0,Serviços
50106,ac7bb20a102803d1816b682457934816271a2f95,1.0,4.0,1.0,3.0,1.0,1.0,1970,4,2,42.0,2013-01-01,,,1.0,0.0,Serviços
50357,234fc50a501fe28b613bd177abb6d2861bd56fb8,5.0,2.0,1.0,3.0,1.0,1.0,1996,11,6,42.0,2016-01-07,0.0,0.0,1.0,0.0,Serviços
50699,74ab5a578316a5f618e45f9c240ba67c7d4eae79,4.0,3.0,3.0,3.0,1.0,1.0,1992,8,13,42.0,2010-01-01,0.0,0.0,0.0,0.0,Serviços
50731,b3b583bb385837e3fbbcfce408ab49209c787891,1.0,4.0,1.0,3.0,1.0,1.0,1980,12,19,43.0,2015-01-01,,,1.0,0.0,Serviços
51038,8f3f9025b4f9f214921347d0359005227313dd26,5.0,1.0,1.0,3.0,1.0,0.0,1976,7,7,42.0,2015-01-01,1.0,0.0,1.0,0.0,Serviços
51100,22aa38ff27e1f225174961f3cc71e25bcdbc82cb,5.0,1.0,3.0,3.0,1.0,0.0,1998,1,28,,2015-01-01,0.0,0.0,1.0,0.0,Serviços
51264,e4fb08216c74a20e91f19dbb98562222c709deaf,5.0,1.0,3.0,3.0,1.0,0.0,1996,2,21,41.0,2014-01-01,1.0,0.0,1.0,0.0,Serviços
51278,135b58db0c430492e2473291990b5973d4aebb38,5.0,2.0,1.0,3.0,1.0,1.0,1992,6,3,42.0,2016-01-07,0.0,0.0,1.0,0.0,Serviços
51287,9501caf08cb3b65256b414de875431763a5b2f1a,5.0,3.0,3.0,3.0,1.0,1.0,1983,6,5,,2010-01-01,0.0,,0.0,0.0,Serviços
51574,bf45307dc4099945467db684d3773def6e23f854,5.0,1.0,3.0,3.0,1.0,0.0,1994,11,9,42.0,2014-01-01,1.0,0.0,1.0,0.0,Serviços
51615,669e29c747e7a72792b367155c805b1f1d7eb450,1.0,4.0,1.0,3.0,1.0,1.0,1997,12,23,42.0,2015-01-01,,,1.0,0.0,Serviços
51709,44ab3f2a90803e1f1aa9981926ba5988c809f99b,5.0,1.0,3.0,3.0,1.0,0.0,1991,7,4,,2009-01-01,0.0,0.0,1.0,0.0,Serviços
51752,7f53fd1d8e7eb4490ddeb1ab282c8ea0410047a1,5.0,1.0,3.0,3.0,1.0,0.0,1989,1,25,42.0,2015-01-07,0.0,0.0,0.0,0.0,Serviços
51963,0bfe1ae6985abcbd4c02717a43675f1a20fd51fe,5.0,1.0,1.0,3.0,1.0,3.0,1996,4,10,,2015-01-01,1.0,0.0,0.0,0.0,Serviços
52077,8a4bd8ae95f46ca8e0ae466604f0a94391ec30f5,1.0,4.0,1.0,3.0,1.0,1.0,1987,2,9,43.0,2015-01-01,,,1.0,0.0,Serviços
52254,f421fe0b2e109093e6f4ffb4c71b7c1a7153a002,5.0,3.0,3.0,3.0,1.0,1.0,1986,6,4,42.0,2010-01-01,0.0,,1.0,0.0,Serviços
52322,3baea0b94701634611093dfd6a9237c754761232,4.0,3.0,3.0,3.0,1.0,0.0,1987,9,10,,2010-01-01,0.0,0.0,0.0,0.0,Serviços
52655,68aad36330e526384ae506a534ef6375f0ede847,5.0,1.0,3.0,3.0,1.0,1.0,1994,4,27,42.0,2015-01-07,0.0,0.0,0.0,0.0,Serviços
52713,f58c17d48c27d10fdf551851b1cd6b76f058dbbc,5.0,3.0,3.0,3.0,1.0,1.0,1978,2,25,42.0,2011-01-01,0.0,,0.0,0.0,Serviços
52853,53af0ce4bd4f78d7a95eeabebbb85411d0f93412,5.0,1.0,3.0,3.0,1.0,0.0,1993,7,22,42.0,2012-01-01,0.0,0.0,1.0,0.0,Serviços
52955,8982f3029643d22b7b1b262d897f1dd7bfa3b39a,5.0,1.0,3.0,3.0,1.0,1.0,1991,11,12,42.0,2016-01-01,0.0,0.0,1.0,0.0,Serviços
52999,4b6d4ac3cd8cacede94cf6a1ee01d408459ae74b,1.0,4.0,1.0,3.0,1.0,1.0,1983,11,5,42.0,2013-01-01,,,1.0,0.0,Serviços
53118,5f660342c6e296e691f737596f0821e185cccca3,5.0,1.0,3.0,3.0,1.0,0.0,1994,9,25,43.0,2014-01-07,0.0,0.0,1.0,0.0,Serviços
53216,f502aba60bc881eaa641ba15c2cedc7966eeff2e,1.0,4.0,1.0,3.0,1.0,1.0,1961,2,22,43.0,2013-01-01,,,1.0,0.0,Serviços
53359,bda9bb13ba463b79b2ff3a69157be85f43b6e6f0,1.0,4.0,1.0,3.0,1.0,1.0,1968,2,28,31.0,2013-01-01,,,1.0,0.0,Serviços
53394,1d820e11e74d39eac5cd92b50e907a8a5ce426d0,1.0,4.0,1.0,3.0,1.0,1.0,1995,6,14,41.0,2015-01-01,,,1.0,0.0,Serviços
53430,c78f9872263af776a63a9a22d873f16daed13d67,5.0,1.0,1.0,3.0,1.0,1.0,1996,8,12,42.0,2016-01-01,1.0,0.0,1.0,0.0,Serviços
53486,8a1b8c7c1402855130f4451d371ff231d7b073d6,5.0,1.0,3.0,3.0,1.0,0.0,1998,12,20,41.0,2015-01-07,0.0,0.0,0.0,0.0,Serviços
53570,2f91c86e727d66d45e7a51a4984c4dd49d2fd8e9,5.0,1.0,1.0,3.0,1.0,0.0,1990,11,27,42.0,2016-01-01,1.0,0.0,0.0,0.0,Serviços
54033,e9ea9c0c8829f0046fb4216e20e8899748047ef5,1.0,4.0,1.0,3.0,1.0,1.0,1964,6,16,42.0,2013-01-01,,,1.0,0.0,Serviços
54260,2086d6715e74d46273dbdfdd53d37125d3869c5d,5.0,1.0,3.0,3.0,1.0,0.0,1971,2,24,,2015-01-01,1.0,0.0,1.0,0.0,Serviços
54271,8ea917344b561fd6bc140e934df6c2eed0ff09a6,1.0,4.0,1.0,3.0,1.0,1.0,1979,4,11,35.0,2014-01-01,,,1.0,0.0,Serviços
54540,fd6dc164ff0dba56cef20e332a8f7d0c366e143b,5.0,1.0,1.0,3.0,1.0,0.0,1996,5,19,42.0,2016-01-07,1.0,0.0,0.0,0.0,Serviços
55194,523779b492f3b5cf9e1fec7eadd728749491e695,4.0,3.0,3.0,3.0,1.0,1.0,1985,3,25,,2008-01-07,0.0,0.0,1.0,0.0,Serviços
55566,99f2d74ab4ca5fe6dbdc125ab19d418db87950ad,5.0,1.0,3.0,3.0,1.0,1.0,1998,6,16,42.0,2016-01-01,1.0,0.0,0.0,0.0,Serviços
55809,ae927f606f8e0fa02ea9f043043dca0d2fac84dd,1.0,4.0,1.0,3.0,1.0,3.0,1993,2,9,21.0,2013-01-01,,,0.0,0.0,Serviços
55872,2ba7a30e1fb4638bacd15f22196563d251708954,1.0,4.0,1.0,3.0,1.0,0.0,1975,4,10,35.0,2015-01-01,,,1.0,0.0,Serviços
56072,d837f61dd94c3b1b9e444754657f38070b640b1a,5.0,1.0,1.0,3.0,1.0,0.0,1997,12,28,42.0,2015-01-01,1.0,0.0,0.0,0.0,Serviços
56243,5962bf2f69cd0e1d59d6c45260b1c6745b0d137a,5.0,1.0,3.0,3.0,1.0,0.0,1996,7,24,42.0,2014-01-01,1.0,0.0,1.0,0.0,Serviços
56452,9197e5342eca40f9a4a6a6fd3cecc6cdad21495e,5.0,1.0,1.0,3.0,1.0,0.0,1993,11,12,42.0,2014-01-01,0.0,0.0,1.0,0.0,Serviços
56468,c44e0fcbd906be991a693286f4cd612fe2d43e77,1.0,4.0,1.0,3.0,1.0,1.0,1989,3,6,43.0,2016-01-01,,,0.0,0.0,Serviços
56767,ab983aae5e0af57ca2824807af7be1d822a8de62,5.0,1.0,3.0,3.0,1.0,0.0,1990,12,27,42.0,2015-01-01,1.0,0.0,1.0,0.0,Serviços
57080,102d8f152541c6e0b2c04fc90381ac231fe6d904,5.0,1.0,3.0,3.0,1.0,0.0,1988,11,17,42.0,2015-01-01,0.0,0.0,0.0,0.0,Serviços
57519,5924ab23e2a7335f0910e31d9fe0584f3448cef3,4.0,3.0,3.0,3.0,1.0,1.0,1994,1,9,,2012-01-01,0.0,0.0,0.0,0.0,Serviços
57760,59b37a0d4021b1fbf6b91d17fe0ee0b3e32f658b,4.0,3.0,3.0,3.0,1.0,1.0,1979,6,2,,2013-01-01,0.0,0.0,1.0,0.0,Serviços
57893,a06a25b7a30ab3b94d645daa99d91cb839013464,5.0,1.0,3.0,3.0,1.0,0.0,1996,4,14,42.0,2014-01-01,0.0,0.0,0.0,0.0,Serviços
58389,bdb35f39e4658a16ec7e4d6f381221aa1830bea0,1.0,4.0,1.0,3.0,1.0,1.0,1992,1,29,,2016-01-01,,,0.0,0.0,Serviços
58624,d1759f24f51533f71ffcb21d6f5bd84422eab12d,1.0,4.0,1.0,3.0,1.0,1.0,1996,6,26,42.0,2014-01-01,,,1.0,0.0,Serviços
58724,dbaa591a9dbd03c7b75729c27d377a09a234eb7d,5.0,1.0,1.0,3.0,1.0,0.0,1969,1,9,41.0,2015-01-01,0.0,0.0,0.0,0.0,Serviços
58779,53a8f86f8290a7509a0d2ac0e8c205f74bc81a9d,1.0,4.0,1.0,3.0,1.0,1.0,1988,11,21,11.0,2015-01-01,,,1.0,0.0,Serviços
58795,8750b5dcfce91b0b77a6463ffc564602f1d8c066,1.0,4.0,1.0,3.0,1.0,1.0,1965,11,28,42.0,2013-01-01,,,0.0,0.0,Serviços
58816,dee6009f854f6b603cbfd7f57afc79bc2dd96aa5,1.0,4.0,1.0,3.0,1.0,1.0,1992,9,9,42.0,2016-01-01,,,1.0,0.0,Serviços
58955,1ac09b89a7dc989540c559db1bd35a4ff03290d8,1.0,4.0,1.0,3.0,1.0,1.0,1998,12,22,42.0,2016-01-01,,,1.0,0.0,Serviços
59123,3b164f49d6fbce94f257aef2e83a7577b147d1a0,1.0,4.0,1.0,3.0,1.0,2.0,1984,5,7,43.0,2013-01-01,,,1.0,0.0,Serviços
59678,a9fceae70db7231fd7759d3957abae31c316631a,1.0,4.0,1.0,3.0,1.0,3.0,1993,11,25,,2016-01-01,,,1.0,0.0,Serviços
59898,9f80578c05ad574b9e0206448b28414f58c50c05,1.0,4.0,1.0,3.0,1.0,1.0,1996,4,11,,2014-01-01,,,1.0,0.0,Serviços
59986,0f48eebef498144e73674b250e9d169bb0665627,1.0,4.0,1.0,3.0,1.0,1.0,1997,1,9,42.0,2016-01-01,,,0.0,0.0,Serviços
60501,b9585c6984f8c328e5aee2822e3d7e132b843e6a,5.0,1.0,3.0,3.0,1.0,1.0,1994,7,16,41.0,2015-01-01,1.0,0.0,0.0,0.0,Serviços
60726,06fc57e6782e435957eeed292a1d4847d69593d6,5.0,1.0,3.0,3.0,1.0,1.0,1994,5,20,42.0,2015-01-01,1.0,0.0,1.0,0.0,Serviços
60778,f2a56c26eb5f55691cfbfdecc87dee951b68aadf,5.0,1.0,3.0,3.0,1.0,0.0,1998,7,15,42.0,2016-01-01,0.0,0.0,0.0,0.0,Serviços
60781,1ad3d0896c1ddd7fa7494ca9aa80fedf4c72e6be,1.0,4.0,1.0,3.0,1.0,1.0,1989,5,29,43.0,2016-01-01,,,1.0,0.0,Serviços
60875,2377b3281283ed7db0539c7ef0fead86b592233a,1.0,4.0,1.0,3.0,1.0,2.0,1979,11,2,42.0,2016-01-01,,,0.0,0.0,Serviços
60884,0f468d778486ec61e5c0d345799f9862c59f6e5d,1.0,4.0,1.0,3.0,1.0,3.0,1985,12,10,29.0,2013-01-01,,,0.0,0.0,Serviços
60887,8e337fcd75bccdb812eacd301002ccc00742c0e4,4.0,3.0,3.0,3.0,1.0,0.0,1992,3,8,,2012-01-07,0.0,0.0,1.0,0.0,Serviços
60939,e896aed677b375956bcac386e47248e3e6c543a5,1.0,4.0,1.0,3.0,1.0,1.0,1996,1,13,41.0,2016-01-01,,,1.0,0.0,Serviços
60996,3c10e0c1b009993a603f6e0af0fd08ae2b08ba45,5.0,1.0,3.0,3.0,1.0,1.0,1994,9,27,,2015-01-01,0.0,0.0,1.0,0.0,Serviços
61010,b33b6970dca95ea6e4a40eb64debdc2b78dc313d,5.0,1.0,1.0,3.0,1.0,0.0,1991,3,25,42.0,2014-01-01,0.0,0.0,0.0,0.0,Serviços
61128,1a4901c383f35b615c86eb76ec0d27593875885c,5.0,1.0,3.0,3.0,1.0,1.0,1979,3,28,42.0,2015-01-01,1.0,0.0,0.0,0.0,Serviços
61173,58bb19a669b95492bf3425242becddb5fbf6a6c7,1.0,4.0,1.0,3.0,1.0,3.0,1992,8,1,21.0,2015-01-01,,,1.0,0.0,Serviços
61210,f0ec62144e7c64db3a749214d5c57b238eafdbf4,5.0,1.0,1.0,3.0,1.0,0.0,1996,6,16,42.0,2015-01-01,0.0,0.0,0.0,0.0,Serviços
61241,86d974703f7a1d500a6e54b0a405a18a7278933f,5.0,1.0,1.0,3.0,1.0,0.0,1971,6,25,29.0,2016-01-01,1.0,0.0,1.0,0.0,Serviços
61636,22c703faebaa15a876e984e62230e97873f115df,5.0,1.0,3.0,3.0,1.0,1.0,1996,3,21,42.0,2016-01-01,1.0,0.0,1.0,0.0,Serviços
62115,4bcf7e63be70bfaea24d2e356ba1c69e0e3808a4,1.0,4.0,1.0,3.0,1.0,3.0,1968,2,22,41.0,2016-01-01,,,0.0,0.0,Serviços
62133,9f61903ed1fd3e5ce9194dced5ea9b9ea9be5c47,5.0,1.0,1.0,3.0,1.0,0.0,1992,11,6,42.0,2014-01-01,0.0,0.0,0.0,0.0,Serviços
62149,82bd33d1e789595bebb521b6959dde47d0adc051,5.0,1.0,3.0,3.0,1.0,0.0,1991,10,4,42.0,2014-01-07,0.0,0.0,0.0,0.0,Serviços
"62150,ec71309911e585bd4e0319f961f6a26706a68400,1.0,1.0,4.0,1.0,1.0,1.0,1991,7,30,42.0,2014-01-07,,0.0,0.0,0.0,""Engenharia, produção e construção"""
